filename,frames,fps,frame_width,frame_height,anchor_x,anchor_y,loop,hold
heroes/hero_knight_fire_idle.webp,4,6,384,384,192,360,True,False
heroes/hero_knight_water_idle.webp,4,6,384,384,192,360,True,False
heroes/hero_knight_earth_idle.webp,4,6,384,384,192,360,True,False
heroes/hero_knight_lightning_idle.webp,4,6,384,384,192,360,True,False
heroes/hero_knight_wind_idle.webp,4,6,384,384,192,360,True,False
heroes/hero_knight_fire_attack_1.webp,4,12,384,384,192,360,False,False
heroes/hero_knight_water_attack_1.webp,4,12,384,384,192,360,False,False
heroes/hero_knight_earth_attack_1.webp,4,12,384,384,192,360,False,False
heroes/hero_knight_lightning_attack_1.webp,4,12,384,384,192,360,False,False
heroes/hero_knight_wind_attack_1.webp,4,12,384,384,192,360,False,False
heroes/hero_knight_fire_attack_2.webp,5,10,384,384,192,360,False,False
heroes/hero_knight_water_attack_2.webp,5,10,384,384,192,360,False,False
heroes/hero_knight_earth_attack_2.webp,5,10,384,384,192,360,False,False
heroes/hero_knight_lightning_attack_2.webp,5,10,384,384,192,360,False,False
heroes/hero_knight_wind_attack_2.webp,5,10,384,384,192,360,False,False
heroes/hero_knight_fire_attack_3.webp,5,10,384,384,192,360,False,False
heroes/hero_knight_water_attack_3.webp,5,10,384,384,192,360,False,False
heroes/hero_knight_earth_attack_3.webp,5,10,384,384,192,360,False,False
heroes/hero_knight_lightning_attack_3.webp,5,10,384,384,192,360,False,False
heroes/hero_knight_wind_attack_3.webp,5,10,384,384,192,360,False,False
heroes/hero_knight_fire_defend.webp,2,8,384,384,192,360,False,True
heroes/hero_knight_water_defend.webp,2,8,384,384,192,360,False,True
heroes/hero_knight_earth_defend.webp,2,8,384,384,192,360,False,True
heroes/hero_knight_lightning_defend.webp,2,8,384,384,192,360,False,True
heroes/hero_knight_wind_defend.webp,2,8,384,384,192,360,False,True
heroes/hero_knight_fire_perfect_guard.webp,3,12,384,384,192,360,False,False
heroes/hero_knight_water_perfect_guard.webp,3,12,384,384,192,360,False,False
heroes/hero_knight_earth_perfect_guard.webp,3,12,384,384,192,360,False,False
heroes/hero_knight_lightning_perfect_guard.webp,3,12,384,384,192,360,False,False
heroes/hero_knight_wind_perfect_guard.webp,3,12,384,384,192,360,False,False
heroes/hero_knight_fire_hit.webp,2,12,384,384,192,360,False,False
heroes/hero_knight_water_hit.webp,2,12,384,384,192,360,False,False
heroes/hero_knight_earth_hit.webp,2,12,384,384,192,360,False,False
heroes/hero_knight_lightning_hit.webp,2,12,384,384,192,360,False,False
heroes/hero_knight_wind_hit.webp,2,12,384,384,192,360,False,False
heroes/hero_knight_fire_dodge.webp,3,12,384,384,192,360,False,False
heroes/hero_knight_water_dodge.webp,3,12,384,384,192,360,False,False
heroes/hero_knight_earth_dodge.webp,3,12,384,384,192,360,False,False
heroes/hero_knight_lightning_dodge.webp,3,12,384,384,192,360,False,False
heroes/hero_knight_wind_dodge.webp,3,12,384,384,192,360,False,False
heroes/hero_knight_fire_defeat.webp,4,8,384,384,192,360,False,True
heroes/hero_knight_water_defeat.webp,4,8,384,384,192,360,False,True
heroes/hero_knight_earth_defeat.webp,4,8,384,384,192,360,False,True
heroes/hero_knight_lightning_defeat.webp,4,8,384,384,192,360,False,True
heroes/hero_knight_wind_defeat.webp,4,8,384,384,192,360,False,True
heroes/hero_knight_fire_victory.webp,4,8,384,384,192,360,False,True
heroes/hero_knight_water_victory.webp,4,8,384,384,192,360,False,True
heroes/hero_knight_earth_victory.webp,4,8,384,384,192,360,False,True
heroes/hero_knight_lightning_victory.webp,4,8,384,384,192,360,False,True
heroes/hero_knight_wind_victory.webp,4,8,384,384,192,360,False,True
heroes/hero_mage_fire_idle.webp,4,6,384,384,192,360,True,False
heroes/hero_mage_water_idle.webp,4,6,384,384,192,360,True,False
heroes/hero_mage_earth_idle.webp,4,6,384,384,192,360,True,False
heroes/hero_mage_lightning_idle.webp,4,6,384,384,192,360,True,False
heroes/hero_mage_wind_idle.webp,4,6,384,384,192,360,True,False
heroes/hero_mage_fire_attack_1.webp,4,12,384,384,192,360,False,False
heroes/hero_mage_water_attack_1.webp,4,12,384,384,192,360,False,False
heroes/hero_mage_earth_attack_1.webp,4,12,384,384,192,360,False,False
heroes/hero_mage_lightning_attack_1.webp,4,12,384,384,192,360,False,False
heroes/hero_mage_wind_attack_1.webp,4,12,384,384,192,360,False,False
heroes/hero_mage_fire_attack_2.webp,5,10,384,384,192,360,False,False
heroes/hero_mage_water_attack_2.webp,5,10,384,384,192,360,False,False
heroes/hero_mage_earth_attack_2.webp,5,10,384,384,192,360,False,False
heroes/hero_mage_lightning_attack_2.webp,5,10,384,384,192,360,False,False
heroes/hero_mage_wind_attack_2.webp,5,10,384,384,192,360,False,False
heroes/hero_mage_fire_attack_3.webp,5,10,384,384,192,360,False,False
heroes/hero_mage_water_attack_3.webp,5,10,384,384,192,360,False,False
heroes/hero_mage_earth_attack_3.webp,5,10,384,384,192,360,False,False
heroes/hero_mage_lightning_attack_3.webp,5,10,384,384,192,360,False,False
heroes/hero_mage_wind_attack_3.webp,5,10,384,384,192,360,False,False
heroes/hero_mage_fire_defend.webp,2,8,384,384,192,360,False,True
heroes/hero_mage_water_defend.webp,2,8,384,384,192,360,False,True
heroes/hero_mage_earth_defend.webp,2,8,384,384,192,360,False,True
heroes/hero_mage_lightning_defend.webp,2,8,384,384,192,360,False,True
heroes/hero_mage_wind_defend.webp,2,8,384,384,192,360,False,True
heroes/hero_mage_fire_perfect_guard.webp,3,12,384,384,192,360,False,False
heroes/hero_mage_water_perfect_guard.webp,3,12,384,384,192,360,False,False
heroes/hero_mage_earth_perfect_guard.webp,3,12,384,384,192,360,False,False
heroes/hero_mage_lightning_perfect_guard.webp,3,12,384,384,192,360,False,False
heroes/hero_mage_wind_perfect_guard.webp,3,12,384,384,192,360,False,False
heroes/hero_mage_fire_hit.webp,2,12,384,384,192,360,False,False
heroes/hero_mage_water_hit.webp,2,12,384,384,192,360,False,False
heroes/hero_mage_earth_hit.webp,2,12,384,384,192,360,False,False
heroes/hero_mage_lightning_hit.webp,2,12,384,384,192,360,False,False
heroes/hero_mage_wind_hit.webp,2,12,384,384,192,360,False,False
heroes/hero_mage_fire_dodge.webp,3,12,384,384,192,360,False,False
heroes/hero_mage_water_dodge.webp,3,12,384,384,192,360,False,False
heroes/hero_mage_earth_dodge.webp,3,12,384,384,192,360,False,False
heroes/hero_mage_lightning_dodge.webp,3,12,384,384,192,360,False,False
heroes/hero_mage_wind_dodge.webp,3,12,384,384,192,360,False,False
heroes/hero_mage_fire_defeat.webp,4,8,384,384,192,360,False,True
heroes/hero_mage_water_defeat.webp,4,8,384,384,192,360,False,True
heroes/hero_mage_earth_defeat.webp,4,8,384,384,192,360,False,True
heroes/hero_mage_lightning_defeat.webp,4,8,384,384,192,360,False,True
heroes/hero_mage_wind_defeat.webp,4,8,384,384,192,360,False,True
heroes/hero_mage_fire_victory.webp,4,8,384,384,192,360,False,True
heroes/hero_mage_water_victory.webp,4,8,384,384,192,360,False,True
heroes/hero_mage_earth_victory.webp,4,8,384,384,192,360,False,True
heroes/hero_mage_lightning_victory.webp,4,8,384,384,192,360,False,True
heroes/hero_mage_wind_victory.webp,4,8,384,384,192,360,False,True
heroes/hero_cleric_fire_idle.webp,4,6,384,384,192,360,True,False
heroes/hero_cleric_water_idle.webp,4,6,384,384,192,360,True,False
heroes/hero_cleric_earth_idle.webp,4,6,384,384,192,360,True,False
heroes/hero_cleric_lightning_idle.webp,4,6,384,384,192,360,True,False
heroes/hero_cleric_wind_idle.webp,4,6,384,384,192,360,True,False
heroes/hero_cleric_fire_attack_1.webp,4,12,384,384,192,360,False,False
heroes/hero_cleric_water_attack_1.webp,4,12,384,384,192,360,False,False
heroes/hero_cleric_earth_attack_1.webp,4,12,384,384,192,360,False,False
heroes/hero_cleric_lightning_attack_1.webp,4,12,384,384,192,360,False,False
heroes/hero_cleric_wind_attack_1.webp,4,12,384,384,192,360,False,False
heroes/hero_cleric_fire_attack_2.webp,5,10,384,384,192,360,False,False
heroes/hero_cleric_water_attack_2.webp,5,10,384,384,192,360,False,False
heroes/hero_cleric_earth_attack_2.webp,5,10,384,384,192,360,False,False
heroes/hero_cleric_lightning_attack_2.webp,5,10,384,384,192,360,False,False
heroes/hero_cleric_wind_attack_2.webp,5,10,384,384,192,360,False,False
heroes/hero_cleric_fire_attack_3.webp,5,10,384,384,192,360,False,False
heroes/hero_cleric_water_attack_3.webp,5,10,384,384,192,360,False,False
heroes/hero_cleric_earth_attack_3.webp,5,10,384,384,192,360,False,False
heroes/hero_cleric_lightning_attack_3.webp,5,10,384,384,192,360,False,False
heroes/hero_cleric_wind_attack_3.webp,5,10,384,384,192,360,False,False
heroes/hero_cleric_fire_defend.webp,2,8,384,384,192,360,False,True
heroes/hero_cleric_water_defend.webp,2,8,384,384,192,360,False,True
heroes/hero_cleric_earth_defend.webp,2,8,384,384,192,360,False,True
heroes/hero_cleric_lightning_defend.webp,2,8,384,384,192,360,False,True
heroes/hero_cleric_wind_defend.webp,2,8,384,384,192,360,False,True
heroes/hero_cleric_fire_perfect_guard.webp,3,12,384,384,192,360,False,False
heroes/hero_cleric_water_perfect_guard.webp,3,12,384,384,192,360,False,False
heroes/hero_cleric_earth_perfect_guard.webp,3,12,384,384,192,360,False,False
heroes/hero_cleric_lightning_perfect_guard.webp,3,12,384,384,192,360,False,False
heroes/hero_cleric_wind_perfect_guard.webp,3,12,384,384,192,360,False,False
heroes/hero_cleric_fire_hit.webp,2,12,384,384,192,360,False,False
heroes/hero_cleric_water_hit.webp,2,12,384,384,192,360,False,False
heroes/hero_cleric_earth_hit.webp,2,12,384,384,192,360,False,False
heroes/hero_cleric_lightning_hit.webp,2,12,384,384,192,360,False,False
heroes/hero_cleric_wind_hit.webp,2,12,384,384,192,360,False,False
heroes/hero_cleric_fire_dodge.webp,3,12,384,384,192,360,False,False
heroes/hero_cleric_water_dodge.webp,3,12,384,384,192,360,False,False
heroes/hero_cleric_earth_dodge.webp,3,12,384,384,192,360,False,False
heroes/hero_cleric_lightning_dodge.webp,3,12,384,384,192,360,False,False
heroes/hero_cleric_wind_dodge.webp,3,12,384,384,192,360,False,False
heroes/hero_cleric_fire_defeat.webp,4,8,384,384,192,360,False,True
heroes/hero_cleric_water_defeat.webp,4,8,384,384,192,360,False,True
heroes/hero_cleric_earth_defeat.webp,4,8,384,384,192,360,False,True
heroes/hero_cleric_lightning_defeat.webp,4,8,384,384,192,360,False,True
heroes/hero_cleric_wind_defeat.webp,4,8,384,384,192,360,False,True
heroes/hero_cleric_fire_victory.webp,4,8,384,384,192,360,False,True
heroes/hero_cleric_water_victory.webp,4,8,384,384,192,360,False,True
heroes/hero_cleric_earth_victory.webp,4,8,384,384,192,360,False,True
heroes/hero_cleric_lightning_victory.webp,4,8,384,384,192,360,False,True
heroes/hero_cleric_wind_victory.webp,4,8,384,384,192,360,False,True
heroes/hero_rogue_fire_idle.webp,4,6,384,384,192,360,True,False
heroes/hero_rogue_water_idle.webp,4,6,384,384,192,360,True,False
heroes/hero_rogue_earth_idle.webp,4,6,384,384,192,360,True,False
heroes/hero_rogue_lightning_idle.webp,4,6,384,384,192,360,True,False
heroes/hero_rogue_wind_idle.webp,4,6,384,384,192,360,True,False
heroes/hero_rogue_fire_attack_1.webp,4,12,384,384,192,360,False,False
heroes/hero_rogue_water_attack_1.webp,4,12,384,384,192,360,False,False
heroes/hero_rogue_earth_attack_1.webp,4,12,384,384,192,360,False,False
heroes/hero_rogue_lightning_attack_1.webp,4,12,384,384,192,360,False,False
heroes/hero_rogue_wind_attack_1.webp,4,12,384,384,192,360,False,False
heroes/hero_rogue_fire_attack_2.webp,5,10,384,384,192,360,False,False
heroes/hero_rogue_water_attack_2.webp,5,10,384,384,192,360,False,False
heroes/hero_rogue_earth_attack_2.webp,5,10,384,384,192,360,False,False
heroes/hero_rogue_lightning_attack_2.webp,5,10,384,384,192,360,False,False
heroes/hero_rogue_wind_attack_2.webp,5,10,384,384,192,360,False,False
heroes/hero_rogue_fire_attack_3.webp,5,10,384,384,192,360,False,False
heroes/hero_rogue_water_attack_3.webp,5,10,384,384,192,360,False,False
heroes/hero_rogue_earth_attack_3.webp,5,10,384,384,192,360,False,False
heroes/hero_rogue_lightning_attack_3.webp,5,10,384,384,192,360,False,False
heroes/hero_rogue_wind_attack_3.webp,5,10,384,384,192,360,False,False
heroes/hero_rogue_fire_defend.webp,2,8,384,384,192,360,False,True
heroes/hero_rogue_water_defend.webp,2,8,384,384,192,360,False,True
heroes/hero_rogue_earth_defend.webp,2,8,384,384,192,360,False,True
heroes/hero_rogue_lightning_defend.webp,2,8,384,384,192,360,False,True
heroes/hero_rogue_wind_defend.webp,2,8,384,384,192,360,False,True
heroes/hero_rogue_fire_perfect_guard.webp,3,12,384,384,192,360,False,False
heroes/hero_rogue_water_perfect_guard.webp,3,12,384,384,192,360,False,False
heroes/hero_rogue_earth_perfect_guard.webp,3,12,384,384,192,360,False,False
heroes/hero_rogue_lightning_perfect_guard.webp,3,12,384,384,192,360,False,False
heroes/hero_rogue_wind_perfect_guard.webp,3,12,384,384,192,360,False,False
heroes/hero_rogue_fire_hit.webp,2,12,384,384,192,360,False,False
heroes/hero_rogue_water_hit.webp,2,12,384,384,192,360,False,False
heroes/hero_rogue_earth_hit.webp,2,12,384,384,192,360,False,False
heroes/hero_rogue_lightning_hit.webp,2,12,384,384,192,360,False,False
heroes/hero_rogue_wind_hit.webp,2,12,384,384,192,360,False,False
heroes/hero_rogue_fire_dodge.webp,3,12,384,384,192,360,False,False
heroes/hero_rogue_water_dodge.webp,3,12,384,384,192,360,False,False
heroes/hero_rogue_earth_dodge.webp,3,12,384,384,192,360,False,False
heroes/hero_rogue_lightning_dodge.webp,3,12,384,384,192,360,False,False
heroes/hero_rogue_wind_dodge.webp,3,12,384,384,192,360,False,False
heroes/hero_rogue_fire_defeat.webp,4,8,384,384,192,360,False,True
heroes/hero_rogue_water_defeat.webp,4,8,384,384,192,360,False,True
heroes/hero_rogue_earth_defeat.webp,4,8,384,384,192,360,False,True
heroes/hero_rogue_lightning_defeat.webp,4,8,384,384,192,360,False,True
heroes/hero_rogue_wind_defeat.webp,4,8,384,384,192,360,False,True
heroes/hero_rogue_fire_victory.webp,4,8,384,384,192,360,False,True
heroes/hero_rogue_water_victory.webp,4,8,384,384,192,360,False,True
heroes/hero_rogue_earth_victory.webp,4,8,384,384,192,360,False,True
heroes/hero_rogue_lightning_victory.webp,4,8,384,384,192,360,False,True
heroes/hero_rogue_wind_victory.webp,4,8,384,384,192,360,False,True
big/knight_fire.webp,1,0,640,640,320,600,False,True
big/knight_water.webp,1,0,640,640,320,600,False,True
big/knight_earth.webp,1,0,640,640,320,600,False,True
big/knight_lightning.webp,1,0,640,640,320,600,False,True
big/knight_wind.webp,1,0,640,640,320,600,False,True
big/mage_fire.webp,1,0,640,640,320,600,False,True
big/mage_water.webp,1,0,640,640,320,600,False,True
big/mage_earth.webp,1,0,640,640,320,600,False,True
big/mage_lightning.webp,1,0,640,640,320,600,False,True
big/mage_wind.webp,1,0,640,640,320,600,False,True
big/cleric_fire.webp,1,0,640,640,320,600,False,True
big/cleric_water.webp,1,0,640,640,320,600,False,True
big/cleric_earth.webp,1,0,640,640,320,600,False,True
big/cleric_lightning.webp,1,0,640,640,320,600,False,True
big/cleric_wind.webp,1,0,640,640,320,600,False,True
big/rogue_fire.webp,1,0,640,640,320,600,False,True
big/rogue_water.webp,1,0,640,640,320,600,False,True
big/rogue_earth.webp,1,0,640,640,320,600,False,True
big/rogue_lightning.webp,1,0,640,640,320,600,False,True
big/rogue_wind.webp,1,0,640,640,320,600,False,True
