filename,frames,fps,loop,hold,frame_width,frame_height,anchor,runtime_frame_width,runtime_anchor
heroes/hero_rogue_fire_idle.png,4,6,True,False,128,192,"[64, 180]",140,"[70, 180]"
heroes/hero_rogue_water_idle.png,4,6,True,False,128,192,"[64, 180]",140,"[70, 180]"
heroes/hero_rogue_earth_idle.png,4,6,True,False,128,192,"[64, 180]",140,"[70, 180]"
heroes/hero_rogue_lightning_idle.png,4,6,True,False,128,192,"[64, 180]",140,"[70, 180]"
heroes/hero_rogue_wind_idle.png,4,6,True,False,128,192,"[64, 180]",140,"[70, 180]"
heroes/hero_rogue_fire_attack_1.png,4,12,False,False,128,192,"[64, 180]",140,"[70, 180]"
heroes/hero_rogue_water_attack_1.png,4,12,False,False,128,192,"[64, 180]",140,"[70, 180]"
heroes/hero_rogue_earth_attack_1.png,4,12,False,False,128,192,"[64, 180]",140,"[70, 180]"
heroes/hero_rogue_lightning_attack_1.png,4,12,False,False,128,192,"[64, 180]",140,"[70, 180]"
heroes/hero_rogue_wind_attack_1.png,4,12,False,False,128,192,"[64, 180]",140,"[70, 180]"
heroes/hero_rogue_fire_attack_2.png,5,10,False,False,128,192,"[64, 180]",140,"[70, 180]"
heroes/hero_rogue_water_attack_2.png,5,10,False,False,128,192,"[64, 180]",140,"[70, 180]"
heroes/hero_rogue_earth_attack_2.png,5,10,False,False,128,192,"[64, 180]",140,"[70, 180]"
heroes/hero_rogue_lightning_attack_2.png,5,10,False,False,128,192,"[64, 180]",140,"[70, 180]"
heroes/hero_rogue_wind_attack_2.png,5,10,False,False,128,192,"[64, 180]",140,"[70, 180]"
heroes/hero_rogue_fire_attack_3.png,5,10,False,False,128,192,"[64, 180]",140,"[70, 180]"
heroes/hero_rogue_water_attack_3.png,5,10,False,False,128,192,"[64, 180]",140,"[70, 180]"
heroes/hero_rogue_earth_attack_3.png,5,10,False,False,128,192,"[64, 180]",140,"[70, 180]"
heroes/hero_rogue_lightning_attack_3.png,5,10,False,False,128,192,"[64, 180]",140,"[70, 180]"
heroes/hero_rogue_wind_attack_3.png,5,10,False,False,128,192,"[64, 180]",140,"[70, 180]"
heroes/hero_rogue_fire_defend.png,2,8,False,True,128,192,"[64, 180]",140,"[70, 180]"
heroes/hero_rogue_water_defend.png,2,8,False,True,128,192,"[64, 180]",140,"[70, 180]"
heroes/hero_rogue_earth_defend.png,2,8,False,True,128,192,"[64, 180]",140,"[70, 180]"
heroes/hero_rogue_lightning_defend.png,2,8,False,True,128,192,"[64, 180]",140,"[70, 180]"
heroes/hero_rogue_wind_defend.png,2,8,False,True,128,192,"[64, 180]",140,"[70, 180]"
heroes/hero_rogue_fire_perfect_guard.png,3,12,False,False,128,192,"[64, 180]",140,"[70, 180]"
heroes/hero_rogue_water_perfect_guard.png,3,12,False,False,128,192,"[64, 180]",140,"[70, 180]"
heroes/hero_rogue_earth_perfect_guard.png,3,12,False,False,128,192,"[64, 180]",140,"[70, 180]"
heroes/hero_rogue_lightning_perfect_guard.png,3,12,False,False,128,192,"[64, 180]",140,"[70, 180]"
heroes/hero_rogue_wind_perfect_guard.png,3,12,False,False,128,192,"[64, 180]",140,"[70, 180]"
heroes/hero_rogue_fire_hit.png,2,12,False,False,128,192,"[64, 180]",140,"[70, 180]"
heroes/hero_rogue_water_hit.png,2,12,False,False,128,192,"[64, 180]",140,"[70, 180]"
heroes/hero_rogue_earth_hit.png,2,12,False,False,128,192,"[64, 180]",140,"[70, 180]"
heroes/hero_rogue_lightning_hit.png,2,12,False,False,128,192,"[64, 180]",140,"[70, 180]"
heroes/hero_rogue_wind_hit.png,2,12,False,False,128,192,"[64, 180]",140,"[70, 180]"
heroes/hero_rogue_fire_dodge.png,3,12,False,False,128,192,"[64, 180]",140,"[70, 180]"
heroes/hero_rogue_water_dodge.png,3,12,False,False,128,192,"[64, 180]",140,"[70, 180]"
heroes/hero_rogue_earth_dodge.png,3,12,False,False,128,192,"[64, 180]",140,"[70, 180]"
heroes/hero_rogue_lightning_dodge.png,3,12,False,False,128,192,"[64, 180]",140,"[70, 180]"
heroes/hero_rogue_wind_dodge.png,3,12,False,False,128,192,"[64, 180]",140,"[70, 180]"
heroes/hero_rogue_fire_defeat.png,4,8,False,True,128,192,"[64, 180]",140,"[70, 180]"
heroes/hero_rogue_water_defeat.png,4,8,False,True,128,192,"[64, 180]",140,"[70, 180]"
heroes/hero_rogue_earth_defeat.png,4,8,False,True,128,192,"[64, 180]",140,"[70, 180]"
heroes/hero_rogue_lightning_defeat.png,4,8,False,True,128,192,"[64, 180]",140,"[70, 180]"
heroes/hero_rogue_wind_defeat.png,4,8,False,True,128,192,"[64, 180]",140,"[70, 180]"
heroes/hero_rogue_fire_victory.png,4,8,False,True,128,192,"[64, 180]",140,"[70, 180]"
heroes/hero_rogue_water_victory.png,4,8,False,True,128,192,"[64, 180]",140,"[70, 180]"
heroes/hero_rogue_earth_victory.png,4,8,False,True,128,192,"[64, 180]",140,"[70, 180]"
heroes/hero_rogue_lightning_victory.png,4,8,False,True,128,192,"[64, 180]",140,"[70, 180]"
heroes/hero_rogue_wind_victory.png,4,8,False,True,128,192,"[64, 180]",140,"[70, 180]"
